,Ticker,years,returns,bagger
0,A,21.958904109589042,5.129804624071221,2.9996875278029855
1,AAL,16.213698630136985,-2.9822866641013746,0.6120778065046026
2,AAP,20.043835616438358,21.767666671360097,51.807069803359454
3,AAPL,21.958904109589042,57.636617510139644,21894.421179291516
4,ABBV,9.005479452054795,15.231309785891444,3.5848571771428572
5,ABC,21.958904109589042,24.803019170927378,129.71719880164608
6,ABMD,21.958904109589042,17.310556843791815,33.309387624489794
7,ABT,21.958904109589042,10.097753913746278,8.268165803180901
8,ACN,20.40821917808219,17.08722988383895,25.012524746143576
9,ADBE,21.958904109589042,25.845038021641507,155.7009510997
10,ADI,21.958904109589042,9.862933530836248,7.889462051612904
11,ADM,21.958904109589042,8.282883638068416,5.73978486519469
12,ADP,21.958904109589042,8.140405540980789,5.576209719006536
13,ADSK,21.958904109589042,24.705890898280302,127.51837343772847
14,AEE,21.958904109589042,4.562823792151427,2.6638167285496186
15,AEP,21.958904109589042,4.473832284098389,2.6144746415564204
16,AES,21.958904109589042,1.225854265751658,1.3067558571237459
17,AFL,21.958904109589042,14.514560492192752,19.611765870375827
18,AIG,21.958904109589042,-22.828938443702608,0.0033777196105027256
19,AIZ,17.85753424657534,10.832356178437298,6.275303450638436
20,AJG,21.958904109589042,18.543727896281315,41.907588072340545
21,AKAM,21.958904109589042,-4.731604373374898,0.34493705333842045
22,ALB,21.958904109589042,20.000477094511293,54.79883236475297
23,ALGN,20.884931506849316,19.114053618390116,38.59065474033829
24,ALK,21.958904109589042,15.469850756104876,23.536511621921708
25,ALL,21.958904109589042,7.077656787989994,4.4890494872644044
26,ALLE,8.065753424657535,13.123771297578134,2.703661717103712
27,AMAT,21.958904109589042,14.428042074086012,19.288960773958856
28,AMCR,2.5013698630136987,1.4852595261855894,1.0375670892982292
29,AMD,21.958904109589042,14.390722239558308,19.151289576417206
30,AME,21.958904109589042,30.421881000298633,341.16909158329656
31,AMGN,21.958904109589042,5.88624198318346,3.511146635166568
32,AMP,16.246575342465754,13.695224064673518,8.046744423629576
33,AMT,21.958904109589042,10.477917378069602,8.918300222751073
34,AMZN,21.958904109589042,18.958050919299673,45.24453188834154
35,ANET,7.517808219178082,34.922097038647124,9.504727447272726
36,ANSS,21.958904109589042,33.60741372090865,579.5636541090909
37,ANTM,20.126027397260273,20.42924809717657,42.151587675540014
38,AON,21.958904109589042,9.504733243186392,7.343499755000001
39,AOS,21.958904109589042,22.850576006860067,91.75406213715469
40,APA,21.958904109589042,5.639246722021252,3.3356262622467185
41,APD,21.958904109589042,10.806077085973564,9.518474966994997
42,APH,21.958904109589042,34.29006689750875,648.1917604153936
43,APTV,10.07123287671233,24.99391444672643,9.457805184902766
44,ARE,21.958904109589042,9.020157228206038,6.662056524023363
45,ATO,21.958904109589042,7.285584204097706,4.684411347724389
46,ATVI,21.958904109589042,33.30133141937392,551.09761778409
47,AVB,21.958904109589042,9.36221438332112,7.136466159562842
48,AVGO,12.353424657534246,34.534037910573964,39.040789900949015
49,AVY,21.958904109589042,4.997271658399427,2.9177359162950256
50,AWK,13.64109589041096,17.036756972248224,8.550485250039591
51,AXP,21.958904109589042,11.217848220546323,10.32621496705455
52,AZO,21.958904109589042,20.67602982697061,61.98805548035697
53,BA,21.958904109589042,7.553970892858919,4.948597879630325
54,BAC,21.958904109589042,5.936954216023138,3.548258604318012
55,BAX,21.958904109589042,10.785560464443677,9.47984913585777
56,BBWI,21.958904109589042,10.373825838914708,8.735595262495917
57,BBY,21.958904109589042,11.28288746765833,10.45963361134939
58,BDX,21.958904109589042,10.611302005637246,9.157757054205607
59,BEN,21.958904109589042,10.826855174838101,9.557746124688473
60,BIIB,21.958904109589042,15.379167367389446,23.133941407688837
61,BIO,21.958904109589042,24.712232723569947,127.66084959517707
62,BK,21.958904109589042,1.603990053457327,1.4182499885
63,BKNG,21.958904109589042,1.241729993067997,1.3112636218117852
64,BKR,4.435616438356164,-8.23780833794907,0.6829530343624161
65,BLK,21.958904109589042,19.902622830737894,53.8259243444845
66,BLL,21.958904109589042,33.897998559460675,607.8829827988709
67,BMY,21.958904109589042,-0.36506129735713877,0.9228300952879126
68,BR,14.73150684931507,15.973496843018342,8.873631702886565
69,BRO,21.958904109589042,32.063366644076005,449.0020850985552
70,BSX,21.958904109589042,9.628468321079131,7.527884290777909
71,BWA,21.958904109589042,21.56296360553247,72.80197481876543
72,BXP,21.958904109589042,6.094377636782888,3.6658634056224897
73,C,21.958904109589042,-16.191018170212356,0.0206797299516185
74,CAG,21.958904109589042,2.7830607834568255,1.82719162006501
75,CAH,21.958904109589042,5.400164684394437,3.173727863590901
76,CARR,1.7287671232876711,142.5364862382294,4.625833193333333
77,CAT,21.958904109589042,13.86017583627952,17.292749573439576
78,CB,21.958904109589042,11.752736550244624,11.473514159746454
79,CBOE,11.495890410958904,12.972949710321902,4.064327370634965
80,CBRE,17.512328767123286,25.15237115828759,50.8610407757701
81,CCI,21.958904109589042,8.513519846678497,6.014319274708171
82,CCL,21.958904109589042,-4.0516738047079,0.40323762990973505
83,CDAY,3.627397260273973,39.29882215557494,3.327779675154031
84,CDNS,21.958904109589042,9.723507963968302,7.672499975
85,CDW,8.46027397260274,32.19944135236141,10.608055862233702
86,CE,16.895890410958906,14.639257677372687,10.0574998875
87,CERN,21.958904109589042,28.392019281111637,241.75539626968038
88,CF,16.34246575342466,32.083497544321716,94.39814503272177
89,CFG,7.2164383561643834,10.486650317865998,2.0537262432538173
90,CHD,21.958904109589042,24.772581859220576,129.02428397372236
91,CHRW,21.958904109589042,18.573751176228505,42.14127582902505
92,CHTR,11.936986301369863,26.00091599646013,15.78190809334829
93,CI,21.958904109589042,15.575020863210543,24.011766967723425
94,CINF,21.958904109589042,6.653030066380028,4.1139668057485945
95,CL,21.958904109589042,7.4961043510895164,4.890461613538462
96,CLX,21.958904109589042,5.653479390500782,3.3455086610421834
97,CMA,21.958904109589042,2.7401906016305766,1.8105294565807692
98,CMCSA,21.958904109589042,10.583914222936897,9.108094316482688
99,CME,19.024657534246575,29.31651258509742,133.10023072443096
100,CMG,15.882191780821918,25.969403721926398,39.12272781818182
101,CMI,21.958904109589042,21.519230273603473,72.22900912433761
102,CMS,21.958904109589042,3.2185034646448063,2.004937774827921
103,CNC,20.005479452054793,38.3025665455468,656.7142866463699
104,CNP,21.958904109589042,1.8942089193029865,1.5099206717988043
105,COF,21.958904109589042,5.3202674419843055,3.121316604606032
106,COO,21.958904109589042,19.823826507405485,53.054503586584076
107,COP,21.958904109589042,10.058995939839477,8.204486091995413
108,COST,21.958904109589042,15.680200889811967,24.496219498082194
109,CPB,21.958904109589042,0.4983159589798891,1.1153329670993564
110,CPRT,21.958904109589042,32.63823798621961,493.9365739034483
111,CRL,21.47945205479452,13.863939626818912,16.260908645454546
112,CRM,17.476712328767125,37.07395457386049,247.46975533332017
113,CSCO,21.958904109589042,3.682269083093903,2.212348087249295
114,CSX,21.958904109589042,31.054289189852867,379.40277263305734
115,CTAS,21.958904109589042,14.46244439684834,19.416705700971146
116,CTLT,7.367123287671233,27.874266903340562,6.119059585161765
117,CTRA,21.958904109589042,26.912941587618143,187.44607849287112
118,CTSH,21.958904109589042,40.43143495317263,1730.4344811228882
119,CTVA,2.5506849315068494,21.802410244970805,1.653793071724138
120,CTXS,21.958904109589042,9.016589227480543,6.657270353562684
121,CVS,21.958904109589042,11.013107516214804,9.916742095371669
122,CVX,21.958904109589042,8.04071158494908,5.464410086472669
123,CZR,7.221917808219178,51.88100908355735,20.45517363292908
124,D,21.958904109589042,9.768024619308125,7.741146403057325
125,DAL,14.616438356164384,4.270342106615721,1.8426641689883339
126,DD,21.958904109589042,-0.524472842840229,0.8909459081321596
127,DE,21.958904109589042,17.268413216329257,33.047606722766574
128,DFS,14.501369863013698,10.1475625073991,4.061565099130434
129,DG,12.082191780821917,20.776679112465168,9.784425798540953
130,DGX,21.958904109589042,22.343654083220276,83.79008083506827
131,DHI,21.958904109589042,22.516562468143153,86.42934508295899
132,DHR,21.958904109589042,25.192746064654827,138.90937000397656
133,DIS,21.958904109589042,7.910462283261355,5.321565239139006
134,DISCA,16.44109589041096,6.501605278599287,2.816859261128174
135,DISCK,13.235616438356164,13.912740933262334,5.6075000775
136,DISH,21.958904109589042,1.7521275067470032,1.4643569776378869
137,DLR,17.126027397260273,16.623737380324698,13.925000508333333
138,DLTR,21.958904109589042,20.421204491458656,59.17642303052632
139,DOV,21.958904109589042,8.257172771145061,5.709932213728256
140,DOW,2.728767123287671,3.4851922238145816,1.09799199085289
141,DPZ,17.421917808219177,23.508728265122024,39.5866654
142,DRE,21.958904109589042,5.377023042190721,3.158461546153846
143,DRI,21.958904109589042,14.88344050689927,21.046854505190122
144,DTE,21.958904109589042,6.144683851123811,3.704223145816733
145,DUK,21.958904109589042,2.003607840345567,1.5459222969849629
146,DVA,21.958904109589042,25.333407207906266,142.37720788035597
147,DVN,21.958904109589042,7.874614788620571,5.282880993209506
148,DXC,21.958904109589042,-1.8980905545412874,0.6565172682264675
149,DXCM,16.66849315068493,26.182997798025156,48.25383399475143
150,EA,21.958904109589042,15.557382942785146,23.931428457142857
151,EBAY,21.958904109589042,22.172160669527365,81.24850897172122
152,ECL,21.958904109589042,15.510530557145996,23.719265726330406
153,ED,21.958904109589042,4.056505615601069,2.394492771304348
154,EFX,21.958904109589042,14.910019351628257,21.15403846732506
155,EIX,21.958904109589042,4.37502952815374,2.560714764449098
156,EL,21.958904109589042,16.51018435893963,28.660138515104457
157,EMN,21.958904109589042,10.973302162042264,9.838953513565404
158,EMR,21.958904109589042,8.863575637754128,6.455075997559913
159,ENPH,9.704109589041096,41.62850912659444,29.294277904356335
160,EOG,21.958904109589042,22.202612936997458,81.69437897268095
161,EQIX,21.345205479452055,-12.398948781518504,0.05927199900456858
162,EQR,21.958904109589042,10.018872131358304,8.139055582808648
163,ES,21.958904109589042,6.838197024792514,4.273695394830412
164,ESS,21.958904109589042,11.139204940872926,10.16705860882353
165,ETN,21.958904109589042,18.784007016803805,43.813013770281124
166,ETR,21.958904109589042,6.7202273981188165,4.171262279611651
167,ETSY,6.657534246575342,35.36935884650734,7.5093332933333325
168,EVRG,21.958904109589042,6.458199309118684,3.9520606628324697
169,EW,21.720547945205478,31.032644244714724,354.44362559999996
170,EXC,21.958904109589042,8.668242865099995,6.205467608633094
171,EXPD,21.958904109589042,19.26086822491868,47.8422411144265
172,EXPE,16.4027397260274,8.322132052871712,3.7107114674564188
173,EXR,17.328767123287673,17.640028453019553,16.696800536
174,F,21.958904109589042,-1.8880408832264717,0.6579956871326045
175,FANG,9.167123287671233,22.347301629795634,6.353142874285714
176,FAST,21.958904109589042,35.02135169123521,730.2892795175356
177,FB,9.56986301369863,25.2512214951113,8.62501894522357
178,FBHS,10.241095890410959,22.985128682204127,8.321259990633024
179,FCX,21.958904109589042,9.451375132634631,7.265325241183432
180,FDX,21.958904109589042,8.514840281932434,6.01592653339929
181,FE,21.958904109589042,2.571326372759941,1.7462975758771309
182,FFIV,21.958904109589042,9.964527273800684,8.051228305263159
183,FIS,20.487671232876714,10.579938597437089,7.849221517214409
184,FISV,21.958904109589042,23.15972794283303,96.96030363482483
185,FITB,21.958904109589042,1.3481456172030448,1.3418647448031493
186,FLT,10.994520547945205,21.06039552206922,8.176513673394496
187,FMC,21.958904109589042,21.05019134172641,66.34848725763956
188,FOX,2.747945205479452,-4.803813201882024,0.8734694136776338
189,FOXA,2.750684931506849,-1.140254257221951,0.968947360263158
190,FRC,11.01095890410959,20.041722428389864,7.4734958131131926
191,FRT,21.958904109589042,9.213654951950655,6.926593284972103
192,FTNT,12.068493150684931,43.78568832588623,80.05535212716633
193,FTV,5.493150684931507,8.943441207937353,1.6008520222226297
194,GD,21.958904109589042,13.30729084225528,15.539715086255924
195,GE,21.958904109589042,-1.4031852972850811,0.7332223154680592
196,GILD,21.958904109589042,38.75354552838903,1328.9979709009142
197,GIS,21.958904109589042,9.438013788419997,7.245874365314685
198,GL,21.958904109589042,13.46175239991403,16.01159598501721
199,GLW,21.958904109589042,4.493376239653557,2.625235617248628
200,GM,11.068493150684931,5.70907888620662,1.8487862419665737
201,GNRC,11.835616438356164,32.16051699574112,27.121494247023044
202,GOOG,7.712328767123288,24.258219464318852,5.339079456235052
203,GOOGL,17.32054794520548,26.536820902619617,58.94582466548007
204,GPC,21.958904109589042,8.013117441364237,5.433845293480765
205,GPN,20.912328767123288,26.39918045772065,134.18666997333332
206,GPS,21.958904109589042,-4.4447473339837895,0.3684782773913044
207,GRMN,21.019178082191782,17.27123690778516,28.467451105882354
208,GS,21.958904109589042,6.697628260783239,4.151908766533348
209,GWW,21.958904109589042,11.418583961640882,10.74331219125958
210,HAL,21.958904109589042,4.024030972337966,2.3781366767701866
211,HAS,21.958904109589042,7.912422066667291,5.323687883482719
212,HBAN,21.958904109589042,-1.5886574390253538,0.7035245573039376
213,HBI,15.271232876712329,18.466748957367685,13.301751762166171
214,HCA,10.761643835616438,21.104629937969243,7.851386185956233
215,HD,21.958904109589042,10.55907349419487,9.063272594181818
216,HES,21.958904109589042,12.211696503838176,12.554009813535838
217,HIG,21.958904109589042,1.6696814944336058,1.4385224597361477
218,HII,10.728767123287671,16.098944672707848,4.9605226157994675
219,HLT,8.0,0.8687979004379898,1.0716544245736597
220,HOLX,21.958904109589042,27.5157142103335,208.0
221,HON,21.958904109589042,6.29399468054328,3.8203454311658067
222,HPE,6.147945205479452,7.843319514448854,1.5907835374558765
223,HPQ,21.958904109589042,6.026293628005597,3.6145510778102072
224,HRL,21.958904109589042,21.537352419043955,72.46590951610254
225,HSIC,21.958904109589042,24.17028190662094,116.01788303443622
226,HST,21.958904109589042,3.345941787020923,2.0600036975817124
227,HSY,21.958904109589042,13.369003282998415,15.726632286425588
228,HUM,21.958904109589042,20.15069710819799,56.325112101783816
229,HWM,5.142465753424657,9.152726536593825,1.5688866540157125
230,IBM,21.958904109589042,0.6397467927752754,1.1503128278099652
231,ICE,16.076712328767123,31.957193251823803,86.33120696833944
232,IDXX,21.958904109589042,33.850724977796595,603.1876211100775
233,IEX,21.958904109589042,18.208600423406708,39.381665549999994
234,IFF,21.958904109589042,6.406544531551184,3.9101659827242528
235,ILMN,21.383561643835616,18.581383818652775,38.25927122539337
236,INCY,21.958904109589042,6.935515619667076,4.360000102
237,INFO,16.09041095890411,31.59024616500874,82.86255469342117
238,INTC,21.958904109589042,4.181376953544302,2.4583909568825124
239,INTU,21.958904109589042,18.957917694150606,45.24341922433443
240,IP,21.958904109589042,-0.8735654315217278,0.8247556096060862
241,IPG,21.958904109589042,-1.997417865482476,0.6420746271904061
242,IPGP,15.002739726027396,13.229994213478392,6.4501544867901766
243,IQV,8.594520547945205,24.152191743683595,6.419377900360471
244,IR,4.583561643835616,25.421300960539472,2.824170572360909
245,IRM,21.958904109589042,13.271320112003604,15.43174562366778
246,ISRG,21.506849315068493,29.45519315819851,257.83192927402126
247,IT,21.958904109589042,14.900130137469114,21.114097718032788
248,ITW,21.958904109589042,12.90526652381281,14.372955113297795
249,IVZ,21.958904109589042,4.373209448322024,2.559734402756678
250,J,21.958904109589042,25.287370635153916,141.2332331323077
251,JBHT,21.958904109589042,28.087765372992422,229.48280791748496
252,JCI,21.958904109589042,12.779400127021901,14.025189443443606
253,JKHY,21.958904109589042,19.183096590879867,47.161816065192085
254,JNJ,21.958904109589042,9.335838777455518,7.098766991957104
255,JNPR,21.958904109589042,6.0068236300366395,3.6000037969451815
256,JPM,21.958904109589042,7.22715382409449,4.628707363746665
257,K,21.958904109589042,3.282144775763207,2.032259094496153
258,KEY,21.958904109589042,0.17876925831548096,1.0400000103954803
259,KEYS,7.145205479452055,31.680706843782012,7.145132959292035
260,KHC,6.435616438356164,-11.126886659978275,0.4680647198549827
261,KIM,21.958904109589042,8.583358896594873,6.099893582888845
262,KLAC,21.958904109589042,13.038374408793318,14.749676928286396
263,KMB,21.958904109589042,3.66949168949835,2.2063689140892775
264,KMI,10.835616438356164,-5.848945977915743,0.5204508935762537
265,KMX,21.958904109589042,28.784274052925298,258.5041038072407
266,KO,21.958904109589042,6.34991155403688,3.8647209462660945
267,KR,21.958904109589042,10.770534501139295,9.451655304900664
268,KSU,21.958904109589042,16.547005142363936,28.859690950765238
269,L,21.958904109589042,17.400009128087056,33.87160694764573
270,LDOS,15.169863013698631,-5.245418401368229,0.441599442659028
271,LEG,21.958904109589042,3.088650873018084,1.950275300707824
272,LEN,21.958904109589042,17.2496494549631,32.9316858947779
273,LH,21.958904109589042,12.194363752152704,12.51149701729179
274,LHX,21.958904109589042,17.471170658214994,34.3253235213152
275,LIN,21.958904109589042,16.10575999875927,26.55324605027749
276,LKQ,18.19178082191781,34.99996248358499,234.96390674341714
277,LLY,21.958904109589042,6.101509128158034,3.671278186466165
278,LMT,21.958904109589042,13.381892965546506,15.765943081142858
279,LNC,21.958904109589042,2.4093954227998537,1.6867500305
280,LNT,21.958904109589042,10.275219914411803,8.56581809309091
281,LOW,21.958904109589042,21.34532951478152,69.99297202343097
282,LRCX,21.958904109589042,20.21114248231628,56.950631423487955
283,LUMN,21.958904109589042,-6.015823965556589,0.2560422186807388
284,LUV,21.958904109589042,8.382009462525852,5.85627924
285,LVS,16.997260273972604,-1.2403464873211867,0.8088487702293209
286,LW,5.109589041095891,10.660124751654676,1.677941154117647
287,LYB,11.627397260273973,12.870758542310433,4.0868183481818185
288,LYV,16.0,15.567165144906546,10.123981970718862
289,MA,15.556164383561644,53.184017525108196,760.6956970143677
290,MAA,21.958904109589042,10.832127143703563,9.567734859668509
291,MAR,21.958904109589042,15.081258252791429,21.85718347293859
292,MAS,21.958904109589042,5.256140612607241,3.0798491292740833
293,MCD,21.958904109589042,8.953225348634962,6.572817775274993
294,MCHP,21.958904109589042,16.57334043683205,29.003229357820672
295,MCK,21.958904109589042,11.234175938704194,10.359555391111112
296,MCO,21.958904109589042,21.47249744592021,71.62150382397608
297,MDLZ,20.506849315068493,5.577396554591951,3.04344801970971
298,MDT,21.958904109589042,5.264951196586187,3.085515152672734
299,MET,21.695890410958903,7.095677500780795,4.425158222485573
300,MGM,21.958904109589042,12.456313554311071,13.168894362236024
301,MHK,21.958904109589042,9.095008022003226,6.763222934597156
302,MKC,21.958904109589042,15.64624801387735,24.33882410487395
303,MKTX,17.106849315068494,19.82368167894968,22.060606139161774
304,MLM,21.958904109589042,11.405830613205904,10.716341343902439
305,MMC,21.958904109589042,9.393668261059673,7.181673636996022
306,MMM,21.958904109589042,9.432408794643642,7.237729661085189
307,MNST,21.958904109589042,63.34666363143637,47826.428284315516
308,MO,21.958904109589042,10.218672575873233,8.469882078378038
309,MOS,21.958904109589042,3.748657419982626,2.2436642247328242
310,MPC,10.473972602739726,19.623991295145494,6.532307551794871
311,MPWR,17.068493150684933,25.92782746474618,51.15955242607607
312,MRK,21.958904109589042,0.6083279424777821,1.1424527441096475
313,MRNA,3.010958904109589,139.21595387927584,13.820429696141757
314,MRO,21.958904109589042,6.986398879490929,4.405784463699404
315,MS,21.958904109589042,5.620372149063724,3.3225637433075765
316,MSCI,14.07945205479452,25.742183385787754,25.15578822416876
317,MSFT,21.958904109589042,11.867845103297125,11.735846115631691
318,MSI,21.958904109589042,-2.0758517493254747,0.6308847818504054
319,MTB,21.958904109589042,17.835927222559377,36.743514663248554
320,MTCH,21.958904109589042,7.474826407172119,4.869248870185918
321,MTD,21.958904109589042,18.503113656877666,41.59343265502846
322,MU,21.958904109589042,6.957351571356996,4.379592018597902
323,NCLH,8.898630136986302,-1.5668126272759486,0.8688987543611596
324,NDAQ,19.457534246575342,14.406573278598,13.718666586666666
325,NEE,21.958904109589042,17.37914649635659,33.739678376175185
326,NEM,21.958904109589042,3.8448600844098513,2.2897958559183675
327,NFLX,19.564383561643837,57.408808573996886,7157.338381986183
328,NI,21.958904109589042,6.128514094374116,3.6918517164378692
329,NKE,21.958904109589042,27.796875704237767,218.30699983777075
330,NLOK,21.958904109589042,16.104435528992077,26.546595391756906
331,NLSN,10.87945205479452,-1.7286194451979209,0.8272000124000001
332,NOC,21.958904109589042,16.799272706085322,30.26296908717696
333,NOW,9.454794520547946,41.313967620249635,26.300812601857366
334,NRG,18.035616438356165,12.278526361340436,8.074805321558442
335,NSC,21.958904109589042,12.81524983753759,14.123414575609756
336,NTAP,21.958904109589042,6.869483349011007,4.301261507466719
337,NTRS,21.958904109589042,3.726189615485831,2.2330188396226416
338,NUE,21.958904109589042,17.268084491495795,33.04557254274968
339,NVDA,21.958904109589042,48.096784302543895,5558.979906238745
340,NVR,21.958904109589042,24.56118236130582,124.3082767539267
341,NWL,21.958904109589042,-1.1831896468491365,0.7699999972413792
342,NWS,8.482191780821918,3.9491565215852953,1.3889246661306929
343,NWSA,8.482191780821918,3.901602514567415,1.3835443257675049
344,NXPI,11.353424657534246,27.783761625534996,16.175714764285715
345,O,21.958904109589042,12.383007481390562,12.981674428881227
346,ODFL,21.958904109589042,43.69768078234486,2866.9766579006687
347,OGN,0.5753424657534246,-22.380637170977746,0.8643608953383459
348,OKE,21.958904109589042,18.940438717413155,45.09766533614461
349,OMC,21.958904109589042,4.862173888277499,2.8364001464
350,ORCL,21.958904109589042,13.004546781069571,14.653054619153663
351,ORLY,21.958904109589042,24.680638638369288,126.95255722790698
352,OTIS,1.7287671232876711,45.061039055541684,1.9023204824309392
353,OXY,21.958904109589042,8.4465841445448,5.933378713556238
354,PAYC,7.66027397260274,54.0181088867022,27.343321876842847
355,PAYX,21.958904109589042,9.258256044180113,6.98897518498577
356,PBCT,21.958904109589042,14.250496314663996,18.642337579090658
357,PCAR,21.958904109589042,19.667398485561073,51.554218509553664
358,PEAK,21.958904109589042,8.719591886964583,6.270176909167684
359,PEG,21.958904109589042,9.495962468433007,7.330594864348564
360,PENN,21.958904109589042,31.14254744834679,385.05322433880974
361,PEP,21.958904109589042,7.398090508948618,4.793475211347518
362,PFE,21.958904109589042,2.24163159690145,1.627103989744068
363,PFG,20.145205479452056,6.30649803387171,3.428095136190476
364,PG,21.958904109589042,8.256945149961602,5.709668587848801
365,PGR,21.958904109589042,26.905197302557717,187.19507211815383
366,PH,21.958904109589042,12.764520850227633,13.984613268377105
367,PHM,21.958904109589042,18.28962143956183,39.978667534222225
368,PKG,21.882191780821916,11.431119756809949,10.680833183333334
369,PKI,21.958904109589042,14.07330210907749,18.017654966535773
370,PLD,21.958904109589042,9.919242186603249,7.9787342739621945
371,PM,13.742465753424657,4.466589011619448,1.823041142580585
372,PNC,21.958904109589042,7.121342097152783,4.529438148314607
373,PNR,21.958904109589042,8.35042527132206,5.818918173424008
374,PNW,21.958904109589042,3.5880848442474633,2.1686352571910974
375,POOL,21.958904109589042,33.355378978303804,556.0251235228591
376,PPG,21.958904109589042,11.275906367421218,10.445234451948053
377,PPL,21.958904109589042,7.994861590734814,5.413713870579792
378,PRU,20.005479452054793,6.690615094035635,3.6532424462957085
379,PSA,21.958904109589042,13.240062609446191,15.338505119067188
380,PSX,9.668493150684931,8.149836349719553,2.1329410776470588
381,PTC,21.958904109589042,-1.5298110542927068,0.7128203896921949
382,PVH,21.958904109589042,12.079261983118194,12.232648353660327
383,PWR,21.958904109589042,10.584127332130455,9.108479756835004
384,PXD,21.958904109589042,14.774831580793846,20.614232005920098
385,PYPL,6.435616438356164,28.94633562420925,5.135113027085371
386,QCOM,21.958904109589042,13.68086352781328,16.70450009027679
387,QRVO,6.942465753424657,12.474913101011964,2.2617896624923555
388,RCL,21.958904109589042,1.958671833172776,1.5310364490779276
389,RE,21.958904109589042,12.023299465851366,12.099224867422162
390,REG,21.958904109589042,6.09126155943549,3.6634998320000003
391,REGN,21.958904109589042,19.76769012340185,52.51137407843137
392,RF,21.958904109589042,-0.5560767248739107,0.8847509139526881
393,RHI,21.958904109589042,13.240897821090103,15.340989531564606
394,RJF,21.958904109589042,18.264442812378157,39.79222030573821
395,RL,21.958904109589042,9.408246890765493,7.202719536115236
396,RMD,21.958904109589042,31.380033930963048,400.6591481299681
397,ROK,21.958904109589042,14.379056317473493,19.108447266419073
398,ROL,21.958904109589042,34.028237952290354,620.9999012027661
399,ROP,21.958904109589042,19.509267775394456,50.078809294563484
400,ROST,21.958904109589042,31.409945060633415,402.6669722335498
401,RSG,21.958904109589042,14.923137602119429,21.207132000097776
402,RTX,21.958904109589042,7.892505757675128,5.302154071384615
403,SBAC,21.958904109589042,14.388448692911116,19.142932944000002
404,SBUX,21.958904109589042,29.81718624148786,308.07093680824744
405,SCHW,21.958904109589042,7.357169980782863,4.753529268235294
406,SEE,21.958904109589042,7.629786426250185,5.025765643510594
407,SHW,21.958904109589042,19.445386916352337,49.494284500000006
408,SIVB,21.958904109589042,20.204582196363052,56.88242286060606
409,SJM,21.958904109589042,8.851634945666564,6.439546414010652
410,SLB,21.958904109589042,3.6743518623631566,2.208641408997773
411,SNA,21.958904109589042,10.047812511814325,8.186198814526735
412,SNPS,21.958904109589042,15.046639990138665,21.713258205243445
413,SO,21.958904109589042,7.14047266321447,4.547234041876479
414,SPG,21.958904109589042,9.313680825203141,7.067243189949878
415,SPGI,21.958904109589042,16.883324911974906,30.74481663911662
416,SRE,21.958904109589042,9.473242396370551,7.297266238848921
417,STE,21.958904109589042,15.182341445527193,22.282666016969696
418,STT,21.958904109589042,7.7202514195716665,5.119347328396447
419,STX,19.01095890410959,12.27541151799285,9.035652495652174
420,STZ,21.958904109589042,29.567201594457003,295.30353857254903
421,SWK,21.958904109589042,8.866145675524972,6.458423156846473
422,SWKS,21.958904109589042,11.693021262733993,11.33963764697112
423,SYF,7.367123287671233,10.46133725287044,2.081304301304348
424,SYK,21.958904109589042,20.477973144160732,59.792041897784635
425,SYY,21.958904109589042,9.575532632743332,7.448467429510268
426,T,21.958904109589042,-3.3938480099078405,0.4685128235897436
427,TAP,21.958904109589042,5.9015166295392385,3.522285679238095
428,TDG,15.75068493150685,22.71072854079921,25.116597014759048
429,TDY,21.958904109589042,19.063032273333434,46.12947740894324
430,TECH,21.958904109589042,17.39729645423418,33.85442506466345
431,TEL,14.501369863013698,10.27026177995911,4.127670705671459
432,TER,21.958904109589042,4.107916501552444,2.4206059772727273
433,TFC,21.958904109589042,3.5899605201941354,2.1694976946118723
434,TFX,21.958904109589042,11.185564825679318,10.260595001129264
435,TGT,21.958904109589042,12.37963360193306,12.973119160041916
436,TJX,21.958904109589042,28.201798500492202,234.01116932630578
437,TMO,21.958904109589042,19.462806736862447,49.65303089894287
438,TMUS,14.654794520547945,0.31501838935363846,1.0471715163476343
439,TPR,21.194520547945206,26.09223992013481,136.1574809031434
440,TRMB,21.958904109589042,25.370849555183362,143.31413876186457
441,TROW,21.958904109589042,14.932022523706578,21.24316418723499
442,TRV,21.958904109589042,7.174211511989803,4.578781798749438
443,TSCO,21.958904109589042,45.46366167881406,3748.9599616
444,TSLA,11.457534246575342,59.65875125531921,212.85685537223446
445,TSN,21.958904109589042,7.774253388000485,5.176000037538461
446,TT,21.958904109589042,14.195472196585612,18.44617523959916
447,TTWO,21.958904109589042,16.536016890829707,28.80000106086957
448,TWTR,8.095890410958905,0.18040632817335478,1.0146993277841878
449,TXN,21.958904109589042,10.00327652326316,8.113758247070452
450,TXT,21.958904109589042,6.435182619720026,3.9333402972560942
451,TYL,21.958904109589042,22.965107696985832,93.6509122
452,UA,5.720547945205479,-11.824700684816658,0.4868044781108239
453,UAA,16.07123287671233,28.97860806180754,59.724904522961566
454,UAL,15.852054794520548,1.6659411478770592,1.2994099484337103
455,UDR,21.958904109589042,8.428674529511904,5.911898842531645
456,UHS,21.958904109589042,20.22228525754619,57.066663955555555
457,ULTA,14.136986301369863,20.23361515238733,13.53085158935493
458,UNH,21.958904109589042,33.57088371902477,576.0939928738687
459,UNP,21.958904109589042,22.804068206324036,90.99432642094881
460,UPS,21.958904109589042,5.17886856908949,3.03057971884058
461,URI,21.958904109589042,14.697162782179207,20.310072852554743
462,USB,21.958904109589042,4.754285424010218,2.7730046190931668
463,V,13.736986301369862,34.79362076433075,60.43185667964602
464,VFC,21.958904109589042,18.68713498894714,43.03507238974986
465,VIAC,16.024657534246575,1.286574883159064,1.2273461357394866
466,VLO,21.958904109589042,20.715611934506484,62.43606791162882
467,VMC,21.958904109589042,7.744272593224322,5.144474137137764
468,VNO,21.958904109589042,2.7188676613917773,1.8022960664051082
469,VRSK,12.183561643835617,19.001253158281052,8.326965813578488
470,VRSN,21.958904109589042,1.1361716757065876,1.2815677990474013
471,VRTX,21.958904109589042,15.523604048684314,23.77828544
472,VTR,21.958904109589042,12.463764950295598,13.188068478970479
473,VTRS,21.958904109589042,4.359718450431194,2.5524788176657824
474,VZ,21.958904109589042,-0.4326371829321607,0.9091833621345868
475,WAB,21.958904109589042,14.744139250696332,20.493521676619718
476,WAT,21.958904109589042,15.939936234810869,25.73282954716981
477,WBA,21.958904109589042,2.4247376553676814,1.6923076923076923
478,WDC,21.958904109589042,12.703007462476323,13.818050653952668
479,WEC,21.958904109589042,14.464513974156667,19.424416282597402
480,WELL,21.958904109589042,8.044329550518192,5.4684296912396695
481,WFC,21.958904109589042,7.570797668909113,4.965626500578056
482,WHR,21.958904109589042,5.9195721180992145,3.535496154255777
483,WLTW,20.50958904109589,4.882007389885312,2.658084708305843
484,WM,21.958904109589042,10.840400575842102,9.583430520568202
485,WMB,21.958904109589042,0.6707878700630054,1.158129074138629
486,WMT,21.958904109589042,3.300528054474583,2.040216980831826
487,WRB,21.958904109589042,25.595617036696684,149.06346128597625
488,WRK,6.468493150684932,-4.09579633515984,0.7629866192932543
489,WST,21.958904109589042,27.92573872423947,223.1921965996847
490,WU,15.2,-0.5359851616208,0.9215586471680927
491,WY,21.958904109589042,4.777282947096095,2.7864035449305034
492,WYNN,19.13972602739726,10.47588174003129,6.731744833335795
493,XEL,21.958904109589042,5.746472716633733,3.4107693405128203
494,XLNX,21.958904109589042,7.380680397519002,4.776440745248409
495,XOM,21.958904109589042,5.331207956004813,3.1284442666037835
496,XRAY,21.958904109589042,14.69481680262188,20.30095273142857
497,XYL,10.167123287671233,17.29801298309177,5.0639176536082475
498,YUM,21.958904109589042,23.738821620417873,107.48054342991428
499,ZBH,20.39178082191781,7.269940782559781,4.183131617536281
500,ZBRA,21.958904109589042,19.83694627742072,53.18221048269231
501,ZION,21.958904109589042,0.29984284375763615,1.0679529527665625
502,ZTS,8.860273972602739,25.465595430605823,7.463721224874044
