,Low,High,Close,perc_from_high
PENN,44.45000076293945,136.47000122070312,44.45000076293945,-67.42873864927013
VIAC,28.68000030517578,100.33999633789062,36.81999969482422,-63.30476276794504
DISCA,22.260000228881836,77.2699966430664,31.18000030517578,-59.64798542802367
MRNA,104.47000122070312,484.4700012207031,204.72999572753906,-57.741450407313636
DISCK,21.68000030517578,66.0,30.399999618530273,-53.93939451737837
TWTR,38.439998626708984,77.62999725341797,38.439998626708984,-50.48306068951135
GPS,15.979999542236328,36.33000183105469,18.270000457763672,-49.71098393354174
ENPH,114.61000061035156,267.739990234375,142.83999633789062,-46.64973423923302
ETSY,156.58999633789062,296.9100036621094,163.6999969482422,-44.86544914985867
BIIB,223.9199981689453,414.7099914550781,239.3000030517578,-42.29702491320876
PYPL,178.4199981689453,308.5299987792969,178.4199981689453,-42.17093998156859
PAYC,305.489990234375,553.22998046875,333.989990234375,-39.629086993552605
GNRC,224.55999755859375,505.79998779296875,306.2799987792969,-39.44642029041295
IPGP,153.19000244140625,258.5799865722656,161.25,-37.64018548475897
ATVI,57.279998779296875,103.80999755859375,65.38999938964844,-37.00992107938333
CDAY,80.80000305175781,130.32000732421875,82.83000183105469,-36.44107030704448
MKTX,343.7300109863281,580.1099853515625,371.5400085449219,-35.95352296517384
LVS,33.97999954223633,66.19999694824219,42.9900016784668,-35.06041743162299
WYNN,76.05999755859375,140.0,91.47000122070312,-34.66428484235491
CTXS,78.72000122070312,144.47000122070312,95.80000305175781,-33.68865353201832
NCLH,17.790000915527344,33.709999084472656,22.959999084472656,-31.889647855112567
GPN,117.86000061035156,219.24000549316406,150.5500030517578,-31.330961831939934
DXCM,323.9599914550781,651.260009765625,447.3399963378906,-31.311612930313498
SEDG,204.00999450683594,368.3299865722656,253.8300018310547,-31.086251164822354
MTCH,121.1500015258789,175.52999877929688,121.1500015258789,-30.980457831480308
CZR,66.87000274658203,119.48999786376953,82.83999633789062,-30.67202458875558
UAA,17.170000076293945,26.959999084472656,18.860000610351562,-30.04450574624169
BBWI,30.064672470092773,78.37000274658203,55.83000183105469,-28.761005647036786
ZBH,118.88999938964844,178.61000061035156,127.37999725341797,-28.682606338877363
LUV,39.36000061035156,64.0999984741211,45.81999969482422,-28.517939492115595
UA,14.770000457763672,22.6299991607666,16.18000030517578,-28.5019845107777
TTWO,142.99000549316406,213.33999633789062,152.5800018310547,-28.48035790279263
AAL,15.0,25.81999969482422,18.489999771118164,-28.388845895979614
ALGN,496.07000732421875,729.9199829101562,524.6300048828125,-28.124997648216503
TECH,314.6199951171875,538.8800048828125,390.1099853515625,-27.607262875452626
BBY,95.7699966430664,138.0,100.04000091552734,-27.50724571338598
TMUS,105.73999786376953,149.41000366210938,108.5199966430664,-27.36765010160611
NLSN,19.149999618530273,28.100000381469727,20.510000228881836,-27.01067633291935
KMX,93.30000305175781,154.85000610351562,113.4000015258789,-26.767841746113863
CCL,16.3799991607666,31.309999465942383,22.950000762939453,-26.700730902587726
TFX,289.4800109863281,443.8500061035156,325.75,-26.608089327359856
CHTR,596.5,821.010009765625,607.6900024414062,-25.982631732482233
GRMN,114.86000061035156,178.3800048828125,132.3800048828125,-25.787643648860698
MHK,136.11000061035156,229.74000549316406,170.77000427246094,-25.668146518111655
INCY,63.34000015258789,100.5,74.87999725341797,-25.492540046350282
QRVO,146.10000610351562,199.5399932861328,148.72999572753906,-25.463565835513553
CRM,205.3300018310547,309.9599914550781,231.22999572753906,-25.400050941396817
UAL,39.060001373291016,62.45000076293945,46.7400016784668,-25.15612312657593
IDXX,465.17999267578125,705.760009765625,529.3499755859375,-24.995753760300374
DIS,142.14999389648438,201.91000366210938,151.94000244140625,-24.748650544490353
ADBE,421.20001220703125,688.3699951171875,520.5999755859375,-24.372070357698984
ALK,46.290000915527344,73.73999786376953,55.790000915527344,-24.34228026613696
NOW,454.3999938964844,701.72998046875,531.02001953125,-24.32701547445174
EPAM,329.6600036621094,717.489990234375,543.0599975585938,-24.311139535034073
ADSK,249.67999267578125,342.2699890136719,259.1000061035156,-24.299525398013802
FIS,102.36000061035156,155.69000244140625,118.04000091552734,-24.182671292621013
PTC,105.94000244140625,152.69000244140625,115.87999725341797,-24.10767214580003
WRK,40.70000076293945,61.810001373291016,46.90999984741211,-24.106133626972237
NFLX,484.9800109863281,691.6900024414062,525.6900024414062,-23.99919030404983
CTLT,100.33999633789062,142.35000610351562,108.23999786376953,-23.962070092881913
MPWR,302.04998779296875,575.969970703125,438.17999267578125,-23.923118397845347
BIO,547.010009765625,825.77001953125,628.22998046875,-23.921919467920862
ROST,102.2699966430664,132.9600067138672,102.2699966430664,-23.082136372666064
CMG,1307.18994140625,1944.050048828125,1498.1300048828125,-22.937683328374877
ILMN,347.2799987792969,524.8400268554688,405.1400146484375,-22.806951848585744
CRL,249.6699981689453,458.29998779296875,355.010009765625,-22.537634906943023
DISH,29.020000457763672,46.529998779296875,36.189998626708984,-22.22222313315122
SWKS,146.38999938964844,199.66000366210938,155.64999389648438,-22.042476689574976
MSCI,393.3399963378906,675.1500244140625,526.739990234375,-21.981786093911058
XRAY,48.310001373291016,69.12000274658203,53.939998626708984,-21.961810643336086
DAL,33.529998779296875,51.650001525878906,40.310001373291016,-21.955469153095873
TPR,30.610000610351562,49.119998931884766,38.369998931884766,-21.885179628988066
TROW,147.69000244140625,223.8699951171875,174.97000122070312,-21.84303165365554
DXC,24.889999389648438,43.41999816894531,33.9900016784668,-21.71809509016286
ROL,31.770000457763672,41.5099983215332,32.61000061035156,-21.4406120719229
WAT,247.4199981689453,424.70001220703125,333.7300109863281,-21.419825431122756
EBAY,50.25,80.58999633789062,63.45000076293945,-21.268142888464855
INTU,361.0,694.6599731445312,550.7899780273438,-20.71085144951253
TRMB,65.91000366210938,95.72000122070312,75.91999816894531,-20.6853351433883
SBUX,96.80999755859375,126.05999755859375,100.12000274658203,-20.577499059489185
AES,22.829999923706055,28.90999984741211,23.059999465942383,-20.235214155469432
ABMD,262.7099914550781,376.20001220703125,301.2200012207031,-19.93089009924459
GLW,34.91999816894531,46.25,37.09000015258789,-19.80540507548564
VFC,66.05000305175781,90.05000305175781,72.25,-19.766798943390317
MDT,99.52999877929688,135.1699981689453,108.55000305175781,-19.69371567492062
LW,50.2400016784668,85.80000305175781,68.93000030517578,-19.662007163805583
LUMN,9.720000267028809,15.359999656677246,12.34000015258789,-19.661455544216185
WST,257.2900085449219,471.3399963378906,379.7799987792969,-19.425467448121445
A,114.98999786376953,179.27999877929688,144.67999267578125,-19.29942343769762
NVDA,115.93250274658203,333.760009765625,269.4200134277344,-19.2773233626976
XYL,95.12000274658203,138.02999877929688,111.54000091552734,-19.191478735086946
IP,44.27083206176758,61.22159194946289,49.5,-19.146173067728807
FDX,217.8699951171875,315.5899963378906,256.2200012207031,-18.812381826457585
VTRS,12.09000015258789,18.739999771118164,15.220000267028809,-18.783348703740817
NWL,20.56999969482422,29.34000015258789,23.850000381469727,-18.711655564302806
INTC,47.88999938964844,68.26000213623047,55.70000076293945,-18.400235833899167
PNW,63.36000061035156,88.12000274658203,72.2699966430664,-17.986842498288972
NWSA,17.969999313354492,27.639999389648438,22.719999313354492,-17.800290104697154
RL,100.80999755859375,139.63999938964844,114.83999633789062,-17.75995643093382
DGX,114.62999725341797,173.00999450683594,142.3000030517578,-17.750414675531776
NEM,53.27000045776367,74.37999725341797,61.220001220703125,-17.6929235260359
PNR,51.529998779296875,80.30000305175781,66.11000061035156,-17.67123524548312
ALB,140.69000244140625,283.79998779296875,233.6699981689453,-17.663844883810604
AMT,198.66000366210938,303.6199951171875,250.6199951171875,-17.456030845249078
TGT,169.82000732421875,266.3900146484375,221.39999389648438,-16.888778962427605
HUM,363.1700134277344,471.2200012207031,391.6600036621094,-16.88383289174744
HOLX,60.52000045776367,83.72000122070312,69.58999633789062,-16.877693116084536
FLT,200.8300018310547,293.44000244140625,244.0,-16.848419448632733
UHS,116.38999938964844,160.6199951171875,133.6699981689453,-16.7787310219874
T,22.170000076293945,32.630001068115234,27.18000030517578,-16.702422876305025
PVH,82.44999694824219,123.26000213623047,102.69999694824219,-16.680192139916382
URI,229.64999389648438,392.7900085449219,327.82000732421875,-16.540645079385403
ZTS,144.0,247.02999877929688,206.17999267578125,-16.536455614855143
LDOS,84.44000244140625,112.69999694824219,94.06999969482422,-16.530610255450007
NKE,127.11000061035156,177.50999450683594,148.17999267578125,-16.523014330849513
CMCSA,47.709999084472656,61.75,51.68000030517578,-16.307691813480517
C,57.9900016784668,79.86000061035156,66.93000030517578,-16.19083421782466
DPZ,330.239990234375,564.3300170898438,473.0400085449219,-16.176706143630156
SBAC,235.9199981689453,389.0199890136719,326.2699890136719,-16.13027653388646
BA,188.19000244140625,269.19000244140625,225.9600067138672,-16.059287245241883
CLX,158.99000549316406,222.17999267578125,186.60000610351562,-16.014037152384887
EFX,161.8800048828125,297.04998779296875,249.5,-16.007402708970677
ALLE,107.01000213623047,148.1300048828125,124.45999908447266,-15.979210840548802
IT,151.5800018310547,339.69000244140625,286.010009765625,-15.80264131707574
ISRG,228.3000030517578,365.4200134277344,307.739990234375,-15.78458241854512
CDNS,119.68000030517578,191.64999389648438,161.75,-15.601353951847353
AMD,73.08999633789062,161.91000366210938,136.8800048828125,-15.45920462798091
EQIX,594.9199829101562,882.8300170898438,746.760009765625,-15.412933938603404
ORCL,60.36000061035156,103.6500015258789,87.69000244140625,-15.397972840828015
ANSS,293.54998779296875,411.2200012207031,348.5400085449219,-15.24244747087112
RMD,179.4600067138672,297.3599853515625,252.16000366210938,-15.200425045762
WTW,199.22999572753906,270.07000732421875,229.1199951171875,-15.162739695811837
IRM,28.0,52.77000045776367,44.77000045776367,-15.160128729585823
IVZ,16.950000762939453,29.329999923706055,24.889999389648438,-15.138085733402864
CAH,45.869998931884766,62.459999084472656,53.09000015258789,-15.001599534467678
FTNT,138.11000061035156,367.6700134277344,312.5400085449219,-14.994425128349043
ACN,241.9199981689453,415.4200134277344,353.3599853515625,-14.939104056181375
TAP,43.380001068115234,60.7400016784668,51.689998626708984,-14.899576558566624
XLNX,112.08999633789062,233.0800018310547,198.4499969482422,-14.857561614365206
AON,202.1300048828125,321.0799865722656,273.45001220703125,-14.834301842888072
TSLA,563.0,1229.9100341796875,1049.6099853515625,-14.659612802360755
KHC,31.989999771118164,44.52000045776367,38.02000045776367,-14.60017954439731
POOL,314.42999267578125,577.8499755859375,494.1000061035156,-14.493375966227177
V,190.16000366210938,250.92999267578125,214.6699981689453,-14.450243320927497
DOW,51.900001525878906,70.91000366210938,60.7400016784668,-14.342125875642706
APTV,127.95999908447266,178.1199951171875,152.60000610351562,-14.327413941866512
WHR,176.89999389648438,252.9499969482422,217.02000427246094,-14.204385494866454
ZBRA,378.1300048828125,614.5499877929688,528.0,-14.083474007345673
CPRT,103.98999786376953,159.10000610351562,136.7100067138672,-14.072909195918431
CMI,206.99000549316406,275.989990234375,237.5399932861328,-13.931663577939856
SNA,166.72000122070312,255.63999938964844,220.1300048828125,-13.890625329219835
VRSK,161.64999389648438,230.02999877929688,198.14999389648438,-13.859064057727483
MMM,165.1999969482422,207.3300018310547,178.74000549316406,-13.78960887734305
FISV,95.55000305175781,126.55000305175781,109.11000061035156,-13.78111578098773
WDC,49.470001220703125,77.16999816894531,66.63999938964844,-13.645197653424784
OGN,28.450000762939453,38.0,32.86000061035156,-13.526314183285363
FRC,144.99000549316406,221.91000366210938,192.05999755859375,-13.451401744360588
EL,235.85000610351562,371.8599853515625,322.04998779296875,-13.394825880903149
AWK,132.1300048828125,188.86000061035156,163.57000732421875,-13.390867946839691
CTAS,318.1199951171875,458.45001220703125,397.45001220703125,-13.305703648329937
BR,139.1699981689453,184.47999572753906,160.05999755859375,-13.237206599360253
RCL,64.2699966430664,96.9800033569336,84.1500015258789,-13.229533292377852
SNPS,218.49000549316406,375.5899963378906,326.1600036621094,-13.160625458009465
FB,245.63999938964844,382.17999267578125,331.8999938964844,-13.156104386121392
ODFL,190.69000244140625,364.0,316.1199951171875,-13.153847495278159
AMZN,2951.949951171875,3731.409912109375,3242.760009765625,-13.095583542241144
MCO,263.0400085449219,406.69000244140625,353.54998779296875,-13.06646692306965
DVA,94.5,133.77999877929688,116.31999969482422,-13.051277652705942
TYL,379.55999755859375,552.1400146484375,480.5199890136719,-12.971352145228604
TT,138.8300018310547,206.55999755859375,180.0,-12.85824838909558
LYB,84.55000305175781,117.86000061035156,102.80999755859375,-12.76938993196983
SWK,169.35000610351562,220.69000244140625,192.64999389648438,-12.705608878846503
BLK,683.2100219726562,971.489990234375,848.5999755859375,-12.649642907673181
FDS,294.3500061035156,488.8500061035156,427.1099853515625,-12.62964508153846
PWR,68.25,121.9800033569336,106.63999938964844,-12.575835009938292
NDAQ,131.97000122070312,212.8300018310547,186.13999938964844,-12.540526341109032
CBOE,88.0,135.07000732421875,118.16000366210938,-12.519436399761952
LLY,164.32000732421875,279.0400085449219,244.1199951171875,-12.514339291282203
IQV,173.0,282.6099853515625,247.33999633789062,-12.48009300513446
EA,120.2300033569336,148.97000122070312,130.44000244140625,-12.438745134897445
SHW,219.85333251953125,352.1600036621094,308.4599914550781,-12.409135549919108
CARR,35.52000045776367,58.31999969482422,51.099998474121094,-12.379974723051799
VTR,45.689998626708984,60.400001525878906,52.93000030517578,-12.367551377465674
NUE,48.72999954223633,126.16999816894531,110.81999969482422,-12.166124036529665
LH,203.5500030517578,314.2099914550781,276.0799865722656,-12.135198090371311
CPB,39.90999984741211,52.709999084472656,46.380001068115234,-12.00910287669141
DLR,125.66000366210938,176.8699951171875,155.8800048828125,-11.867468091729075
CCI,146.77000427246094,208.74000549316406,184.14999389648438,-11.780210285318296
DHR,212.3800048828125,332.42999267578125,293.30999755859375,-11.767889775018347
MGM,28.360000610351562,50.369998931884766,44.470001220703125,-11.7133171258554
ANET,66.9574966430664,146.83999633789062,129.74000549316406,-11.645322303998231
NWS,17.770000457763672,25.950000762939453,22.940000534057617,-11.599229828079904
AVGO,421.25,674.280029296875,596.3699951171875,-11.554551639462085
VRSN,188.10000610351562,255.92999267578125,226.47999572753906,-11.507051846615807
PKG,128.1699981689453,155.1300048828125,137.30999755859375,-11.48714417799461
COST,311.4200134277344,567.77001953125,502.989990234375,-11.40955440908227
PKI,120.3499984741211,201.05999755859375,178.47000122070312,-11.235450418876761
HII,157.3300018310547,222.66000366210938,197.67999267578125,-11.218903519033327
MTD,1038.469970703125,1702.530029296875,1512.760009765625,-11.146353736246448
ALL,103.20999908447266,139.25999450683594,124.08000183105469,-10.900469104238045
NEE,70.69999694824219,93.36000061035156,83.19999694824219,-10.882608821430164
TMO,439.8500061035156,667.239990234375,594.7999877929688,-10.856663794380932
DLTR,84.54000091552734,146.61000061035156,130.80999755859375,-10.776893108233326
HD,250.92999267578125,416.17999267578125,372.0,-10.615597446607437
CF,38.529998779296875,74.31999969482422,66.44000244140625,-10.60279505620981
ULTA,279.760009765625,418.739990234375,374.4800109863281,-10.569799942745833
DRI,112.0999984741211,159.80999755859375,143.0,-10.518739637944382
VZ,49.77000045776367,59.52000045776367,53.279998779296875,-10.48387370711598
NRG,32.150001525878906,45.66999816894531,40.88999938964844,-10.466387061401678
J,100.95999908447266,148.4499969482422,132.9199981689453,-10.461434219302467
PFE,33.4900016784668,61.25,54.95000076293945,-10.285713040098852
EXPD,89.5199966430664,135.6199951171875,121.69000244140625,-10.271341378345076
EXR,108.70999908447266,226.72999572753906,203.61000061035156,-10.197148834674149
ROP,371.8900146484375,498.42999267578125,447.79998779296875,-10.157896921693938
DHI,65.8499984741211,109.6500015258789,98.52999877929688,-10.14136123286561
GE,83.76000213623047,114.80000305175781,103.16000366210938,-10.139372021097003
GS,263.7099914550781,423.8500061035156,380.94000244140625,-10.123865292956866
MRK,68.864501953125,90.54000091552734,81.37999725341797,-10.117079268262367
KEYS,131.17999267578125,207.92999267578125,187.13999938964844,-9.99855433003838
AXP,114.08999633789062,187.0800018310547,168.39999389648438,-9.985037284444525
COO,357.260009765625,455.9200134277344,410.5199890136719,-9.957892410278811
CAG,30.450000762939453,38.91999816894531,35.11000061035156,-9.789305595686765
SPGI,305.95001220703125,478.9700012207031,432.3599853515625,-9.731301699553276
COF,97.83999633789062,177.72999572753906,160.55999755859375,-9.660720520843876
REGN,446.7300109863281,680.9600219726562,615.239990234375,-9.651085176468733
MSFT,212.25,343.1099853515625,310.20001220703125,-9.591668721273308
INFO,83.9000015258789,134.57000732421875,121.7699966430664,-9.511785676219331
PPG,134.4499969482422,182.3300018310547,165.0,-9.504745054032583
EW,78.68000030517578,130.67999267578125,118.26000213623047,-9.504125524681454
AIZ,122.7699966430664,171.1300048828125,154.88999938964844,-9.48986444795873
ABT,105.79000091552734,141.4600067138672,128.16000366210938,-9.40195279267863
FBHS,82.41000366210938,111.95999908447266,101.4800033569336,-9.36048214830014
PLD,93.91000366210938,168.36000061035156,152.74000549316406,-9.277735246234675
CI,191.89999389648438,266.9100036621094,242.1699981689453,-9.269043930059397
TDY,356.1700134277344,463.3800048828125,420.4800109863281,-9.258058924517828
AMGN,198.8800048828125,259.1400146484375,235.36000061035156,-9.176511805923571
FOX,28.40999984741211,41.439998626708984,37.70000076293945,-9.025091669185096
PAYX,86.87000274658203,137.3800048828125,125.0,-9.011504180228307
MNST,81.05999755859375,98.79000091552734,89.91000366210938,-8.988761181418568
ADI,144.05999755859375,188.8000030517578,172.0,-8.898306557310937
DG,178.13999938964844,238.27000427246094,217.0800018310547,-8.893273203275537
DRE,38.099998474121094,65.63999938964844,59.810001373291016,-8.881776463387391
OTIS,62.2400016784668,92.37000274658203,84.18000030517578,-8.866517481736574
MLM,277.79998779296875,441.7200012207031,402.6300048828125,-8.849496565667062
ICE,109.3499984741211,138.80999755859375,126.5999984741211,-8.796195734618204
VMC,146.02999877929688,210.52999877929688,192.22999572753906,-8.692349383871939
SPG,82.80999755859375,170.5,155.6999969482422,-8.680353696045637
BWA,38.060001373291016,54.45000076293945,49.7599983215332,-8.6134111582941
YUM,101.48999786376953,138.86000061035156,127.05999755859375,-8.497769696018683
PHM,40.849998474121094,62.349998474121094,57.09000015258789,-8.436244507233486
FTV,65.81999969482422,79.12999725341797,72.5,-8.378614284776296
ECL,204.50999450683594,235.6699981689453,216.02999877929688,-8.333686740884627
FAST,44.16999816894531,64.41999816894531,59.20000076293945,-8.103069783262184
JPM,125.6500015258789,171.77999877929688,157.88999938964844,-8.085923558245174
AVY,148.6699981689453,227.3699951171875,209.0800018310547,-8.044154320672819
IEX,186.19000244140625,239.5,220.30999755859375,-8.012527115409709
VNO,35.27000045776367,50.279998779296875,46.279998779296875,-7.955449676039026
CDW,127.16000366210938,208.1300048828125,191.63999938964844,-7.922935235815111
MSI,166.61000061035156,272.7300109863281,251.1300048828125,-7.919922719688676
EMR,78.01000213623047,105.69999694824219,97.47000122070312,-7.786183505349599
ADP,161.02999877929688,248.00999450683594,228.75,-7.7658138516289
SYY,68.06999969482422,86.26000213623047,79.79000091552734,-7.500580872331823
ROK,241.0500030517578,351.3500061035156,325.04998779296875,-7.48541848688578
LEN,73.29000091552734,116.91000366210938,108.16000366210938,-7.48438946703744
AJG,113.11000061035156,170.44000244140625,157.6999969482422,-7.474774296335634
BKNG,1886.0899658203125,2648.199951171875,2450.949951171875,-7.448455692052762
BLL,79.02999877929688,97.79000091552734,90.58999633789062,-7.36272063629103
MMC,107.5999984741211,173.88999938964844,161.1999969482422,-7.29771837710506
UNH,324.3399963378906,505.5799865722656,468.69000244140625,-7.296567330713845
APD,253.14999389648438,314.2699890136719,291.3500061035156,-7.293086744327709
LYV,66.44999694824219,123.80000305175781,114.80999755859375,-7.261716697539625
GOOG,1728.239990234375,3014.179931640625,2795.72998046875,-7.247409117111737
TJX,62.54999923706055,76.72000122070312,71.18000030517578,-7.221064686365461
IBM,113.36520385742188,144.6271514892578,134.2100067138672,-7.202758726921591
APH,60.040000915527344,87.94000244140625,81.61000061035156,-7.198091488878817
FOXA,28.809999465942383,44.18000030517578,41.02000045776367,-7.152557323640192
TXN,162.11000061035156,201.2899932861328,187.00999450683594,-7.094241768391299
HON,195.3699951171875,234.17999267578125,217.64999389648438,-7.058672515282898
GM,40.5099983215332,65.73999786376953,61.099998474121094,-7.058106997909751
SYF,33.650001525878906,52.36000061035156,48.66999816894531,-7.047368980887173
IFF,105.08000183105469,156.77999877929688,145.7899932861328,-7.00982623978392
TSCO,139.7100067138672,238.60000610351562,221.97000122070312,-6.969825841327783
GOOGL,1722.8800048828125,2996.77001953125,2789.610107421875,-6.912773111023669
LHX,171.50999450683594,244.72999572753906,227.86000061035156,-6.893309120950206
LOW,153.77000427246094,261.3800048828125,243.39999389648438,-6.878877745215939
RSG,88.95999908447266,139.4499969482422,129.86000061035156,-6.877014376307241
EIX,53.9900016784668,68.44000244140625,63.75,-6.852721031711704
SIVB,386.1600036621094,755.030029296875,704.4099731445312,-6.704376539762783
FMC,87.7699966430664,122.25,114.0999984741211,-6.666667914829372
MS,67.05000305175781,105.91999816894531,98.87999725341797,-6.646526659015183
KMI,13.5600004196167,19.139999389648438,17.889999389648438,-6.5308257046029095
AKAM,93.41000366210938,120.44000244140625,112.62000274658203,-6.492859130112214
JNJ,153.07000732421875,179.47000122070312,167.83999633789062,-6.480194352097043
CAT,180.6300048828125,244.7899932861328,228.94000244140625,-6.474934139239773
BEN,24.280000686645508,37.68000030517578,35.27000045776367,-6.395965572964893
BMY,53.630001068115234,69.30999755859375,64.93000030517578,-6.319430684895318
OMC,60.880001068115234,84.95999908447266,79.5999984741211,-6.308852010488263
HSIC,61.5,82.97000122070312,77.77999877929688,-6.255275840723034
MAA,122.66999816894531,229.44000244140625,215.11000061035156,-6.245642293659862
NLOK,19.510000228881836,28.670000076293945,26.8799991607666,-6.243463239497591
AOS,53.189998626708984,85.8499984741211,80.56999969482422,-6.150260772443106
WM,109.91999816894531,166.89999389648438,156.64999389648438,-6.141402261738435
ARE,157.99000549316406,223.57000732421875,210.27999877929688,-5.944450556665614
MA,306.2799987792969,395.6499938964844,372.1400146484375,-5.942115407740381
STX,58.720001220703125,116.0199966430664,109.19999694824219,-5.87829675241746
CBRE,59.41999816894531,110.30000305175781,103.83000183105469,-5.865821433991352
JCI,46.18000030517578,81.30999755859375,76.55999755859375,-5.841840047500981
DFS,82.18000030517578,135.3800048828125,127.54000091552734,-5.791109236605223
TDG,518.5900268554688,685.0,645.3800048828125,-5.783940893020073
NXPI,159.00999450683594,238.89999389648438,225.2899932861328,-5.6969447292027935
MCHP,65.98999786376953,89.3499984741211,84.29000091552734,-5.6631199160672665
ES,77.2699966430664,92.62000274658203,87.37999725341797,-5.657531135581223
LKQ,34.720001220703125,60.029998779296875,56.68000030517578,-5.580540633421502
LMT,321.82000732421875,394.1000061035156,372.6199951171875,-5.450396004481693
JKHY,144.7899932861328,178.5800018310547,168.94000244140625,-5.398140492107477
UPS,155.0,218.16000366210938,206.5399932861328,-5.326370636651561
CINF,83.69999694824219,126.18000030517578,119.54000091552734,-5.262323168163815
LIN,242.91000366210938,346.42999267578125,328.6300048828125,-5.13811972672571
HLT,98.66999816894531,155.99000549316406,147.97999572753906,-5.13495062731825
XEL,58.029998779296875,72.58999633789062,68.97000122070312,-4.98690632292804
OKE,37.5,65.87000274658203,62.61000061035156,-4.949145286622338
EVRG,52.40999984741211,69.26000213623047,65.83999633789062,-4.9379233220537415
CNC,57.970001220703125,84.72000122070312,80.55000305175781,-4.922094085058022
AAPL,116.36000061035156,182.00999450683594,173.07000732421875,-4.911811138086386
SYK,221.00999450683594,280.0899963378906,266.7099914550781,-4.777037758489359
FFIV,174.9600067138672,247.77999877929688,236.1300048828125,-4.701749113680997
FRT,82.2699966430664,139.3699951171875,132.86000061035156,-4.671015810370152
CTSH,66.45999908447266,91.41999816894531,87.19999694824219,-4.61605918313902
BRO,42.959999084472656,70.27999877929688,67.05000305175781,-4.595896106490197
MCD,204.83999633789062,269.69000244140625,257.7099914550781,-4.442141302190445
WBA,39.880001068115234,56.79999923706055,54.29999923706055,-4.401408509824088
STE,171.1999969482422,245.1699981689453,234.52000427246094,-4.3439221666696435
RHI,61.150001525878906,119.56999969482422,114.37999725341797,-4.340555703481288
PSX,64.2699966430664,92.55999755859375,88.58000183105469,-4.299909067110319
SRE,115.9800033569336,144.05999755859375,137.9600067138672,-4.234340516523682
WMT,127.52999877929688,151.4499969482422,145.05999755859375,-4.219213944145678
MAS,52.84000015258789,70.2300033569336,67.27999877929688,-4.200490440878605
ORLY,425.4700012207031,708.1400146484375,678.8699951171875,-4.133366131806768
CSCO,43.959999084472656,63.959999084472656,61.36000061035156,-4.065038322916871
IR,40.810001373291016,61.869998931884766,59.36000061035156,-4.056890843487106
NVR,3930.0,5959.330078125,5718.0,-4.049617573808403
AME,111.05999755859375,147.41000366210938,141.5399932861328,-3.9820977071757606
GWW,364.3900146484375,525.3900146484375,504.55999755859375,-3.9646770035745864
CME,178.7899932861328,231.97000122070312,223.19000244140625,-3.7849716485293823
AMCR,10.890000343322754,12.850000381469727,12.369999885559082,-3.735412308647295
ESS,227.22000122070312,357.25,343.9599914550781,-3.7200863666681245
DE,267.6400146484375,394.2200012207031,379.55999755859375,-3.718736648753143
HAS,86.6500015258789,103.91999816894531,100.12000274658203,-3.6566546279047603
UDR,36.790000915527344,60.790000915527344,58.58000183105469,-3.6354647987974698
DUK,85.58999633789062,107.93000030517578,104.04000091552734,-3.604187323866701
PEAK,28.420000076293945,37.36000061035156,36.08000183105469,-3.426120873622839
PSA,213.82000732421875,374.55999755859375,361.7900085449219,-3.4093307072051173
LNT,46.15999984741211,62.18000030517578,60.06999969482422,-3.393375040199105
CSX,27.963333129882812,37.709999084472656,36.439998626708984,-3.367808243428473
AZO,1118.3699951171875,2104.0400390625,2033.47998046875,-3.3535511341879953
UNP,194.3300018310547,254.77999877929688,246.27000427246094,-3.3401344483904007
ANTM,287.70001220703125,467.6700134277344,452.1400146484375,-3.3207172436546673
MAR,116.30999755859375,168.38999938964844,162.8000030517578,-3.319672402252092
ETR,86.80999755859375,114.83000183105469,111.06999969482422,-3.2744074512533987
MO,40.7599983215332,52.5,50.810001373291016,-3.219045003255208
TEL,119.8499984741211,166.0500030517578,160.74000549316406,-3.197830449264504
NSC,233.44000244140625,297.7099914550781,288.2799987792969,-3.167509639058975
JNPR,22.510000228881836,35.77000045776367,34.63999938964844,-3.1590747935536414
PCAR,78.7699966430664,99.5999984741211,96.5,-3.1124483148727773
WEC,80.63999938964844,99.26000213623047,96.25,-3.0324421433110174
VRTX,177.00999450683594,241.30999755859375,234.05999755859375,-3.00443416076849
CMS,53.880001068115234,65.61000061035156,63.75,-2.83493460303078
HRL,40.630001068115234,50.5,49.08000183105469,-2.8118775622679455
JBHT,134.66000366210938,207.66000366210938,202.07000732421875,-2.6918984105318122
DTE,100.1872329711914,122.68085479736328,119.37999725341797,-2.6906052695813596
PG,122.1500015258789,164.2100067138672,159.80999755859375,-2.6795012334055683
HST,13.5,18.43000030517578,17.940000534057617,-2.6587073413154267
REG,44.02000045776367,77.86000061035156,75.80000305175781,-2.64577131061552
BAC,29.649999618530273,49.209999084472656,47.90999984741211,-2.6417379826181273
EXC,38.599998474121094,57.7599983215332,56.2400016784668,-2.6315732119745308
PEG,53.83000183105469,67.0,65.25,-2.6119402985074625
BAX,73.7699966430664,88.01000213623047,85.73999786376953,-2.579257149598978
PM,79.05999755859375,106.0999984741211,103.37999725341797,-2.5636204145342774
GILD,58.2599983215332,73.63999938964844,71.7699966430664,-2.5393845221091857
AVB,155.07000732421875,255.1199951171875,248.67999267578125,-2.5243032943960673
ED,65.6500015258789,85.66999816894531,83.5199966430664,-2.509631810238867
CTRA,14.420000076293945,22.770000457763672,22.200000762939453,-2.503292417062167
CB,145.10000610351562,201.19000244140625,196.25999450683594,-2.4504239150780407
DOV,116.48999786376953,182.9199981689453,178.47999572753906,-2.4272919778325464
WELL,59.790000915527344,89.68000030517578,87.51000213623047,-2.419712490589804
CL,74.41999816894531,85.51000213623047,83.44999694824219,-2.4090809689214825
CHRW,85.55999755859375,110.94999694824219,108.29000091552734,-2.3974728308967177
CTVA,38.349998474121094,49.790000915527344,48.599998474121094,-2.3900430197323814
LNC,45.4900016784668,76.12999725341797,74.31999969482422,-2.3775090291527463
FCX,25.790000915527344,45.150001525878906,44.08000183105469,-2.369877427824494
TER,104.19999694824219,168.55999755859375,164.57000732421875,-2.3671038752762352
STZ,209.0800018310547,254.60000610351562,248.63999938964844,-2.340929525132831
HIG,47.970001220703125,74.0999984741211,72.44999694824219,-2.226722752842104
BSX,35.27000045776367,45.880001068115234,44.86000061035156,-2.2231918788522687
ETN,114.86000061035156,174.66000366210938,170.9199981689453,-2.1413062033362458
EXPE,123.20999908447266,188.42999267578125,184.39999389648438,-2.1387246913664226
PH,249.9199981689453,334.0,326.92999267578125,-2.1167686599457336
IPG,23.139999389648438,38.880001068115234,38.060001373291016,-2.109052655085149
AEE,70.2699966430664,89.9800033569336,88.08999633789062,-2.100474492699972
WAB,72.05999755859375,97.69999694824219,95.69999694824219,-2.047082970800424
TXT,45.2599983215332,78.25,76.66000366210938,-2.0319442017771565
HPQ,24.110000610351562,39.20000076293945,38.41999816894531,-1.9898024969723274
EMN,98.3499984741211,130.02999877929688,127.54000091552734,-1.9149410806316058
PNC,143.52000427246094,226.4499969482422,222.1999969482422,-1.876794019551869
HWM,23.600000381469727,35.72999954223633,35.06999969482422,-1.847186834222949
TRV,134.52999877929688,166.24000549316406,163.2100067138672,-1.8226652304949975
HCA,157.02000427246094,261.6400146484375,257.0,-1.7734346386856121
CNP,19.440000534057617,28.09000015258789,27.610000610351562,-1.7087915259128486
WY,31.190000534057617,41.65999984741211,40.97999954223633,-1.632261900303445
DD,67.3499984741211,86.36000061035156,84.97000122070312,-1.6095407362489353
PPL,26.190000534057617,30.459999084472656,29.969999313354492,-1.6086664013327145
GPC,93.87999725341797,140.33999633789062,138.11000061035156,-1.5889951444561796
EQR,57.04999923706055,92.25,90.83000183105469,-1.5392934080707994
ITW,194.2100067138672,247.5800018310547,243.83999633789062,-1.5106250365553324
D,68.0,80.37000274658203,79.16999816894531,-1.4931000829009582
CERN,68.22000122070312,93.19000244140625,92.20999908447266,-1.051618554844203
O,55.988372802734375,72.25,71.5,-1.0380622837370241
ABBV,102.30000305175781,137.2899932861328,135.8699951171875,-1.034305658378047
RJF,62.686668395996094,109.56999969482422,108.44000244140625,-1.03130168528361
K,56.86000061035156,68.20999908447266,67.52999877929688,-0.9969217333277707
KMB,128.3300018310547,144.58999633789062,143.1999969482422,-0.9613385606568277
AAP,147.92999267578125,241.91000366210938,239.60000610351562,-0.9548995591849382
WMB,20.049999237060547,29.549999237060547,29.290000915527344,-0.8798589788358525
KIM,14.329999923706055,25.229999542236328,25.010000228881836,-0.8719750984783092
NOC,286.6099853515625,406.6199951171875,403.45001220703125,-0.779593465206418
WRB,61.63999938964844,86.23999786376953,85.58999633789062,-0.7537123631492804
KR,31.520000457763672,49.47999954223633,49.119998931884766,-0.7275679338765243
MKC,78.0999984741211,96.91999816894531,96.3499984741211,-0.5881136046150438
ATO,84.61000061035156,106.5999984741211,106.05000305175781,-0.5159431803339113
BXP,89.58999633789062,125.70999908447266,125.08000183105469,-0.5011512672071797
GL,85.26000213623047,106.48999786376953,105.97000122070312,-0.48830561883532697
BDX,235.8300018310547,263.69000244140625,262.6199951171875,-0.4057822876529091
QCOM,122.94999694824219,189.27999877929688,188.69000244140625,-0.31170559049853386
PGR,85.12999725341797,110.0,109.75,-0.22727272727272727
ABC,96.5,136.4499969482422,136.1999969482422,-0.1832172998104421
CE,119.37000274658203,173.82000732421875,173.52999877929688,-0.1668441679334042
SBNY,135.2899932861328,366.0,365.3900146484375,-0.16666266436133878
AEP,74.8499984741211,91.08000183105469,90.9800033569336,-0.10979191053002177
SEE,41.900001525878906,67.7699966430664,67.69999694824219,-0.10329009634292266
BK,39.81999969482422,63.650001525878906,63.599998474121094,-0.07855938815253946
NTAP,61.08000183105469,95.4800033569336,95.41000366210938,-0.07331346079088244
FE,29.510000228881836,41.59000015258789,41.56999969482422,-0.04808958328995671
EOG,49.86000061035156,105.62999725341797,105.62999725341797,0.0
AFL,43.189998626708984,64.05999755859375,64.05999755859375,0.0
WFC,29.700000762939453,58.060001373291016,58.060001373291016,0.0
NI,21.260000228881836,28.329999923706055,28.329999923706055,0.0
NTRS,89.19000244140625,133.6199951171875,133.6199951171875,0.0
COP,39.56999969482422,86.73999786376953,86.73999786376953,0.0
CVX,84.44999694824219,128.9600067138672,128.9600067138672,0.0
CVS,68.12999725341797,106.22000122070312,106.22000122070312,0.0
XOM,41.220001220703125,71.87000274658203,71.87000274658203,0.0
DVN,15.8100004196167,50.38999938964844,50.38999938964844,0.0
ADM,49.58000183105469,71.55000305175781,71.55000305175781,0.0
USB,42.75,63.25,63.25,0.0
VLO,55.72999954223633,85.19999694824219,85.19999694824219,0.0
CMA,55.5,101.23999786376953,101.23999786376953,0.0
PEP,128.8300018310547,175.63999938964844,175.63999938964844,0.0
F,8.520000457763672,25.190000534057617,25.190000534057617,0.0
BKR,19.510000228881836,27.459999084472656,27.459999084472656,0.0
RTX,65.5,92.33000183105469,92.33000183105469,0.0
ZION,42.93000030517578,70.6500015258789,70.6500015258789,0.0
KEY,16.290000915527344,27.010000228881836,27.010000228881836,0.0
APA,14.1899995803833,33.290000915527344,33.290000915527344,0.0
KLAC,258.9100036621094,445.0,445.0,0.0
RF,15.949999809265137,25.40999984741211,25.40999984741211,0.0
RE,211.0800018310547,290.29998779296875,290.29998779296875,0.0
KO,48.150001525878906,61.38999938964844,61.38999938964844,0.0
L,44.400001525878906,61.630001068115234,61.630001068115234,0.0
PXD,113.4800033569336,215.6999969482422,215.6999969482422,0.0
PBCT,12.869999885559082,21.420000076293945,21.420000076293945,0.0
LRCX,472.2699890136719,729.8200073242188,729.8200073242188,0.0
PRU,76.4000015258789,117.4000015258789,117.4000015258789,0.0
MCK,169.52000427246094,256.5199890136719,256.5199890136719,0.0
MDLZ,52.939998626708984,68.0999984741211,68.0999984741211,0.0
MET,46.08000183105469,68.37000274658203,68.37000274658203,0.0
PFG,48.310001373291016,76.81999969482422,76.81999969482422,0.0
MOS,23.010000228881836,43.22999954223633,43.22999954223633,0.0
SCHW,51.540000915527344,95.52999877929688,95.52999877929688,0.0
MRO,6.670000076293945,19.469999313354492,19.469999313354492,0.0
SJM,111.2300033569336,145.14999389648438,145.14999389648438,0.0
SLB,21.809999465942383,37.810001373291016,37.810001373291016,0.0
FANG,48.400001525878906,129.2100067138672,129.2100067138672,0.0
TSN,63.45000076293945,93.76000213623047,93.76000213623047,0.0
FITB,27.229999542236328,50.45000076293945,50.45000076293945,0.0
CHD,77.91999816894531,104.22000122070312,104.22000122070312,0.0
GD,145.94000244140625,213.10000610351562,213.10000610351562,0.0
AMAT,86.30000305175781,167.0,167.0,0.0
GIS,54.369998931884766,69.9000015258789,69.9000015258789,0.0
MU,66.37999725341797,97.36000061035156,97.36000061035156,0.0
CFG,35.209999084472656,56.349998474121094,56.349998474121094,0.0
AIG,37.130001068115234,61.90999984741211,61.90999984741211,0.0
TFC,47.18000030517578,67.41000366210938,67.41000366210938,0.0
HAL,17.280000686645508,28.739999771118164,28.739999771118164,0.0
MTB,126.81999969482422,185.33999633789062,185.33999633789062,0.0
HBAN,12.5600004196167,17.6299991607666,17.6299991607666,0.0
HES,52.790000915527344,91.77999877929688,91.77999877929688,0.0
OXY,17.309999465942383,35.5099983215332,35.5099983215332,0.0
STT,70.0,103.7699966430664,103.7699966430664,0.0
HPE,11.569999694824219,17.559999465942383,17.559999465942383,0.0
SO,56.720001220703125,68.66000366210938,68.66000366210938,0.0
HSY,144.3699951171875,199.52999877929688,199.52999877929688,0.0
MPC,40.75,74.73999786376953,74.73999786376953,0.0
AMP,187.00999450683594,328.5799865722656,328.5799865722656,0.0
BF.B,,,,
BRK.B,,,,
